[
    {"name": "flood", "description": "layer 7 - Attack Url [normal]", "duration": "500"},
    {"name": "tls", "description": "layer 7 - Attack Url [normal]", "duration": "500"},
    {"name": "ninja", "description": "layer 7 - Attack Url [normal]", "duration": "500"},
    {"name": "uam", "description": "layer 7 - Attack Url [normal]", "duration": "500"},
    {"name": "glory", "description": "layer 7 - Attack Url [normal]", "duration": "500"},
    {"name": "httpx", "description": "layer 7 - Attack Url [normal]", "duration": "500"},
    {"name": "httpsvip", "description": "layer 7 - Attack Url [normal]", "duration": "500"},
    {"name": "rapid", "description": "layer 7 - Attack Url [normal]", "duration": "500"},
    {"name": "bypass", "description": "layer 7 - Attack Url [normal]", "duration": "500"},
    {"name": "h2", "description": "layer 7 - Attack Url [normal]", "duration": "500"},
    {"name": "fire", "description": "layer 7 - Attack Url [normal]", "duration": "500"},
    {"name": "cibi", "description": "layer 7 - Attack Url [normal]", "duration": "500"},
    {"name": "strike", "description": "layer 7 - Attack Url [normal]", "duration": "500"},
    {"name": "pidoras", "description": "layer 7 - Attack Url [normal]", "duration": "500"},
    {"name": "raw", "description": "layer 7 - Attack Url [normal]", "duration": "500"},
    {"name": "quantum", "description": "layer 7 - Attack Url [normal]", "duration": "500"},
    {"name": "browser", "description": "layer 7 - Attack Url [normal]", "duration": "500"},
    {"name": "storm", "description": "layer 7 - Attack Url [normal]", "duration": "500"},
    {"name": "tcp", "description": "layer 4 - Attack Url [normal]", "duration": "500"},
    {"name": "udp", "description": "layer 4 - Attack Url [normal]", "duration": "500"},
    {"name": "kill-ping", "description": "layer 4 - Attack Url [normal]", "duration": "500"},
    {"name": "kill-do", "description": "layer 4 - Attack Url [normal]", "duration": "500"},
    {"name": "samp", "description": "layer 4 - Attack Url [normal]", "duration": "500"}
]